,Created_at,User_id,Tweets,Subjectivity,Polarity,Sentiment
0,2022-02-04 09:20:46,2838885389,In record net income quarter super rich Bezos increasing Amazon Prime fee U S ONLY HOW MUCH Amazon getting corp subsidy COVID FROM US TAXPAYERS When Corp GREED TOO MUCH ,0.4694444444444445,0.1847222222222222,1
1,2022-02-04 09:05:12,2838885389,WHY Amazon hiking Prime membership fee U S ONLY Amazon record PROFIT quarter Bezos net worth HUNDREDS OF BILLIONS Where financial EQUITY WHY get RICHER back middle class Americans ,0.18333333333333335,0.049999999999999996,1
2,2022-02-04 08:59:01,2838885389,Amazon earned 14 3 billion quarter DOUBLE net income year earlier Woke OWNER Jeff Bezos worth hundred BILLIONS decided rich enough time increase obscene wealth hiking Prime membership fee ,0.30833333333333335,0.1125,1
3,2022-02-04 08:52:59,912945358921232384,Dogecola first crypto drink unites world cryoto real world QR code bottle win nft The drink made Italy Very soon also Amazon ,0.3333333333333333,0.3625,1
4,2022-02-04 08:44:55,4419993470,GLOBAL MARKETS Amazon help stock steady prospect rate hike loom market Yahoo Finance stock news ,0.25,0.08333333333333333,1
5,2022-02-04 08:10:37,1275347758673780737,Amazon soar Commo demand Honeywell dip Shell buyback Food price Roche soft Watch video start day top financial news stock market update FlowBank MarketFlow Investing Finance stock ,0.2833333333333333,0.19999999999999998,1
6,2022-02-04 08:06:50,128222457,Stock market news live update Stock future jump tech share rebound Amazon earnings via ,0.3125,0.06818181818181818,1
7,2022-02-04 08:04:03,792672007,Amazon raising price Prime 139 per year via What mean Student Prime account ,0.6875,-0.3125,0
8,2022-02-04 07:58:47,367820903,More like Prime subscriber foot bill ,0.5,0.5,1
9,2022-02-04 07:56:27,367820903,Amazon pinned increase continued expansion Prime perk along higher wage transportation cost Guess know paying bridge ,0.5,0.25,1
10,2022-02-04 06:57:22,47838954,ASX200 shrugged latest tech wreck Meta focused Amazon finishing 42 point 7120 0 6 A relatively quiet day massive late surge marcustoday marketnews equity investor investing finance personalfinance asx ,0.7083333333333334,0.05,1
11,2022-02-04 06:49:13,11929492,Ah yes Amazon Famously pumping shitcoins Sure financial advice finance bro It pretty funny sound like A normal person explains cryptocurrency video though ,0.7055555555555555,0.2928571428571428,1
12,2022-02-04 06:08:36,2253884336,Maybe Jeff need make dollar le Not like hurting money like forced home Oh well guess say lot big wig Amazon raising price Prime 139 per year via ,0.15000000000000002,-0.15000000000000002,0
13,2022-02-04 06:00:31,120572228,Amazon raising price Prime 139 per year via JUST N TIME 2 pay dismantling bridge yacht fit oh u know coming ,0.4,0.4,1
14,2022-02-04 06:00:25,1425026184534921218,Learn Amazon They created market minimal entry continue keep get subscriber going forward well ,0.6,-0.1,0
15,2022-02-04 05:32:24,227700025,I pay le half extortion fee inflict u fund Amazon account amp get great service Prime video book entertainment without left wing pro EU indoctrination I WON T finance Biased Bandwagon Corporation DefundTheBBC ,0.3055555555555555,0.21111111111111114,1
16,2022-02-04 05:07:00,822789884502904833,Guess Bezos need money pay bridge bought demolish fucking yacht could sail river ,0.8,-0.6,0
17,2022-02-04 03:50:13,1425026184534921218,Fridays gain Amazon bumper market shot 20 pc Wild Wild Markets everywhere I dont get people yet bullish IT service Cloud revenue 3 major still market reacting negatively provider like TCS Infy ,0.42500000000000004,-0.009374999999999994,0
18,2022-02-04 03:45:52,20545835,AMAZON The e commerce colossus said net sale climbed 137 billion profit benefited greatly return investment electric vehicle maker Rivian ,0.375,0.4,1
19,2022-02-04 03:27:55,1471082320472207363,New post Ahead US Options Signal Public AMZN Amazon Lifts Tech Stocks Bringing Hope Market Rebound ,0.2606060606060606,0.06818181818181818,1
20,2022-02-04 03:04:41,1417545250168479744,Amazon raising price Prime 139 per year via Or Jeff new Yacht Think might new Trump blooming ,0.45454545454545453,0.13636363636363635,1
21,2022-02-04 02:40:02,1416252425808326661,Cramer Investing Club Amazon cloud led earnings give glimpse true potential AMZN detail investing story finance ,0.825,0.175,1
22,2022-02-04 02:38:36,1175431917556121601,Yet Amazon paying 15 minimum wage much ,0.2,0.2,1
23,2022-02-04 02:37:15,1674191928,Amazon increase Prime subscription price U S membership top 200 million 28 000 000 000 00 ,0.5,0.5,1
24,2022-02-04 02:27:10,567425171,Stock market news live update Stock future jump tech share rebound Amazon earnings ,0.3125,0.06818181818181818,1
25,2022-02-04 02:11:03,23059499,AMZN Amazon Q4 The Good The Bad And The Ugly trading finance market ,0.7555555555555555,-0.23333333333333328,0
26,2022-02-04 08:43:37,1272019714294890496,Shareholders actually use debt equity ratio know much liability investing certain company And Sony MS Market cap rarely play role subject liability Ask Amazon ,0.42095238095238097,0.10952380952380951,1
27,2022-02-04 06:47:51,17868533,If increase salary Amazon warehouse worker I would applaud But I afraid increase wealth Bezos shareholder ,0.9,-0.6,0
28,2022-02-04 05:19:08,1010577031,New amazon shareholder ,0.45454545454545453,0.13636363636363635,1
29,2022-02-04 05:13:31,2806662505,Woo I feel like shareholder would pretty psyched Amazon broken individual company would end worth lot Same Google would love Search YouTube Instagram etc show portfolio separate company So competition ,0.4375,0.10833333333333332,1
30,2022-02-04 04:55:51,1483846002406735877,Amazon raising prime membership fee 20 14 99 month example capitalism Consumers forced pay Amazon chase margin profit get dividend shareholder Meanwhile worker shafted American greed ,0.1,-0.15000000000000002,0
31,2022-02-04 04:22:21,128429068,Corporations jacking price rip American consumer business right CEO shareholder love In fact Bezos Executive Chairman Amazon seen stock portfolio grow nearly 20 000 000 000 hour trading ,0.3839285714285714,0.22142857142857142,1
32,2022-02-04 04:17:17,14912665,Anything lead Amazon optimize hurt Amazon shareholder customer long run position ,0.4,-0.05,0
33,2022-02-03 23:34:23,556570207,AMZN awesome think much money Amazon shareholder made selling ridiculous premium put see underlying share price go 10 15 Congrats ,0.7333333333333334,0.2888888888888889,1
34,2022-02-03 23:21:26,1425965228899057672,It illegal maximize profit run publicly traded company Pretty much every responsible adult America owns piece Amazon retirement account If pay market wage would considered stealing shareholder ,0.43611111111111106,0.041666666666666664,1
35,2022-02-03 23:16:08,559012887,Now raising prime maybe improve make worth Lolololol Yeah right You shareholder shareholder The rest BS There rule always pas 100 cost onto u ,0.31785714285714284,0.2928571428571428,1
36,2022-02-03 23:07:48,329163565,All Amazon give color capex spend True Amazon shareholder overly greedy dear god going split stock due pride CEO awol time need something hang hat ALL IN AWS ,0.5125,0.11249999999999999,1
37,2022-02-03 23:07:25,1242213490909229057,AMAZON AMZN ripping solid Q4 earnings report A wild ride shareholder today ,0.25,0.05,1
38,2022-02-03 22:36:12,1216746750918131714,Canadians think American Worker getting scammed Americans got tax break Maybe 100 pay Trump LOWERED corporate tax rate 21 Millionaire shareholder got bigger tax break HUGE Many zero 000000 The Middle Class pay tax rate AMAZON ,0.31666666666666665,0.15000000000000002,1
39,2022-02-03 22:32:17,111469794,Netflix Amazon go every year satisfy shareholder It crazy ,0.9,-0.6,0
40,2022-02-03 22:32:15,1254500400524296201,Amazon shareholder blessed algos bought headline probably triggered short squeeze These arent good number Rivian ton since hurt next earnings ,0.30000000000000004,0.2333333333333333,1
41,2022-02-03 22:07:16,112528039,How much annual membership fee increase go worker How much shared AMZN shareholder via dividend And honestly much actually benefit JeffBezos vanity billionaire penis shaped space program ,0.16666666666666666,0.13333333333333333,1
42,2022-02-03 21:05:04,1047836007037468672,How funny non AMZN shareholder clapping Amazon That perilous market condition atm ,1.0,0.25,1
43,2022-02-03 16:55:35,282486203,In 2001 amazon lost 95 value In 2007 GM shareholder faced massive drawdowns In2020 The second biggest one day loss market cap apple Diversification hold key High conviction idea r super scary Too Just thought Happy Investing ,0.7438095238095238,0.11333333333333333,1
44,2022-02-03 16:39:22,123969530,Because big corporation like Amazon Google Facebook really provide power shareholder ,0.15000000000000002,0.1,1
45,2022-02-03 16:36:08,1419331683434876935,Remember Even company like costa Amazon Blair etc taking furlough money These company make million billion profit year They never eligible furlough Gotta make sure shareholder lose though ,0.8888888888888888,0.5,1
46,2022-02-03 16:11:26,1216746750918131714,LESS government mean LESS Social Benefits amp MORE Millionaire Shareholders corporate tax break Trump amp Republicans LOWERED corporate tax rate 21 Corporate Socialism Capitalism NOT trickle economics The Middle Class pay tax rate Amazon ,0.15416666666666667,-0.012499999999999992,0
47,2022-02-03 15:42:21,1402976212880855048,With CTSR cost screw retail rising daily basis attempted theft shareholder cost 6 hundred trillion put right Global investor watching closely big even lost tribe Amazon talking ACT SOON ,0.15892857142857142,0.07142857142857142,1
48,2022-02-03 14:14:45,17604078,Salting way organizing across community advocate worker right compensation Whereas guy paid make sure Bezos Amazon shareholder eek every bit profitability expense worker You want say morally equal ,0.5582010582010581,0.2619047619047619,1
49,2022-02-03 13:15:48,1464735601031368709,Here bezos final letter amazon shareholder value time 10 hr My time certainly worth ,0.55,0.15,1
50,2022-02-03 12:49:02,414828724,Strong agree Perhaps profit PPE contract could paid back Or Shell shareholder could pay extra HMRC I sort code amp account number needed Also never forget power consumer STOP ORDERING OFF STOP BUYING payyourtax ,0.27777777777777773,0.14444444444444443,1
51,2022-02-03 11:50:24,1288577951525736451,I dead serious Where going manufacturer vehicle It pretty unbelievable actually provided real info considering need shareholder vote You honestly even know voting Believe pumpers go ,0.6238095238095239,0.03809523809523809,1
52,2022-02-03 04:11:43,1216746750918131714,LESS government mean LESS Social Benefits amp MORE Millionaire Shareholders corporate tax break Trump amp Republicans LOWERED corporate tax rate 21 Corporate Socialism Capitalism NOT trickle economics The Middle Class pay tax rate AMAZON ,0.15416666666666667,-0.012499999999999992,0
53,2022-02-02 23:15:57,1477771142014377990,Why Amazon always ambilivant showing earning They run company excite shareholder The stock lagged FAANG stock since 2021 Perhaps catch see others getting dismantled giving mediocre forward guidance ,1.0,-0.5,0
54,2022-02-02 23:14:30,1305028419214815232,Ups AMZN whisper figure sounding like Day2 But always Day1 Worth reading Jeff philosophy ,0.1,0.3,1
55,2022-02-02 23:04:34,1305028419214815232,AMZN letter shareholder 2017 prevent Day2 Interesting philosophy nice read tomorrow Day1 Jeff either way This Jeff Bezos playbook preventing Amazon demise via ,0.75,0.55,1
56,2022-02-02 19:35:24,1371885648496492548,You lose Spotify anything Spotify shareholder saw dip price It necessarily boycotting And month share price return normal People forget Losing rogan would actually effect profit share price way keeping ,0.5833333333333334,0.049999999999999996,1
57,2022-02-02 18:16:44,702585281,Amazon retail also AWS later thing They quite happy let everyone else believe charity financed shareholder benefit customer whatever reinvested much never showed profit ,0.39999999999999997,0.3333333333333333,1
58,2022-02-02 15:50:46,126670762,Point shareholder still need approve body want sell And someone want sell badly regardless writing check So I rather see PS Xbox Nintendo gain shopped Amazon Google Ten Cent ,0.3333333333333333,-0.3499999999999999,0
59,2022-02-02 13:26:13,1250775522604351489,I like short tech Blistered higher decreasing volume today Google stock split cosmetic YouTube missed bad FB Stock split excites Amazon shareholder Perfection priced These company report today tomorrow Just sharing thesis Thanks ,0.4166666666666667,-0.06249999999999996,0
60,2022-02-02 13:10:00,334944709,Self driving vehicle developer Zoox shareholder see limited record Amazon 1 3 billion acquisition California startup asking court revalue share sold part 2020 deal Delaware judge said ,0.14285714285714285,-0.07142857142857142,0
61,2022-02-04 09:29:39,862756034,Stock future gained boosted jump Amazon Snap share offhours trading volatile session marked selloff tech stock via ,0.3625,0.05,1
62,2022-02-04 09:28:02,137985075,Nasdaq look like crypto market big stock like Meta amazon behave like altcoin First Meta drop 26 n today amazon showing historical gain 18 jump snap jump 54 bitcoin safer tech stock low risk n high reward ,0.2546666666666667,0.082,1
63,2022-02-04 09:21:44,216518280,AMZN NO LONGER A growth company probably finish red today Monday Don surprised see 500 amazon pre market last night reallocated actual growth stock LIKE TSLA New World Order forming eye ,0.30424242424242426,0.04727272727272727,1
64,2022-02-04 09:21:40,1295026388874014733,Mark Zuckerberg lost 29billion net worth Thursday META Platforms Inc stock marked record one day plunge fellow billionaire Jeff Bezos set add 20 billion personal valuation Amazon blockbuster earnings Read ,0.25,0.1,1
65,2022-02-04 09:20:37,1051841678619734016,Lemme get straight market Amazon sneaky thing EPS prevent stock sold cop next quarter Rivian value plummeted ,0.2,0.1,1
66,2022-02-04 09:19:33,1355424061027876867,Amazon Might Just Have Saved Stock Market Motley Fool ,0.9,0.6,1
67,2022-02-04 09:14:21,1052519189989269504,Relief embattled U S tech stock injects fresh energy Bitcoin altcoins Ethereum reaching two week high Read ,0.52,0.22999999999999998,1
68,2022-02-04 09:14:16,1052519189989269504,Relief embattled U S tech stock injects fresh energy Bitcoin altcoins Ethereum reaching two week high Bitcoin BTC recovered much Read ,0.41333333333333333,0.21999999999999997,1
69,2022-02-04 09:12:56,1209995637615452170,Amazon stock price rose following Q4 earnings report ,0.525,0.3,1
70,2022-02-04 09:25:28,1088748842688876544,Cries call past longer ignored TheRoomintheAttic soaring Kindle chart 85 Congratulations Only 99p Start reading ,0.625,-0.125,0
71,2022-02-04 06:02:32,1228426347527245830,Amazon higher cost But revenue soaring huge profit gain 3 4 ,0.7,0.32500000000000007,1
72,2022-02-04 03:20:21,18845008,Amazon profit SURGE company raise price Prime membership It announced gain 14BILLION last holiday season latest earnings report blame price hike wage amp soaring cost Doesn mention soaring profit ,0.48333333333333334,0.25,1
73,2022-02-04 02:04:12,804553255934169088,So Need raise price prime soaring profit How much profit enough ,0.35,0.1,1
74,2022-02-04 00:07:12,1370269173436317697,Amazon raise price Prime membership despite soaring profit Shares online giant rose nearly 17 market trading ,0.7833333333333333,0.2333333333333333,1
75,2022-02-03 22:11:16,496997835,AMZN closed 2776 8 But soaring hour stock around 3300 Company report profit beat plan raise Amazon Prime membership price ,0.1,-0.1,0
76,2022-02-03 21:25:15,1267444543722385408,Amazon AMZN reported fourth quarter result Thursday announced raise prime membership fee 139 per year 119 The stock soaring hour Really Amazon week since I received package time FU ,0.1,0.1,1
77,2022-02-03 20:09:41,15281391,Are ready AMZN earnings ,0.5,0.2,1
78,2022-02-03 16:10:44,1476994972796612608,Superman got date soaring high right first got plenty problem take care By issue end though Clark date Amazon Wonder Woman Diana Prince show even power packed kiss leading another Super Date ,0.5189285714285714,0.25726190476190475,1
79,2022-02-03 08:01:04,272865453,Ok kid book short felt stifled rule dreamt stretching wing soaring star maybe find something story I know I indiebooksource ,0.4,0.25,1
80,2022-02-03 03:21:33,1424880763917508608,Carbon credit used subsidize people living Amazon get rid leader cutting much biggest green problem cancel anything west west left soaring inflation still ever warming planet ,0.35000000000000003,-0.15,0
81,2022-02-03 00:53:35,16788781,According recent report profit soaring production plastic waste The company must stop investing false solution like recycling focus instead plastic reduction reusable packaging AmazonPlasticAddiction ,0.2833333333333333,-0.20000000000000004,0
82,2022-02-02 12:22:24,1265301410117234690,Brazil environmental agency spent le half budget environmental enforcement last year despite soaring level destruction Amazon Deforestation Amazon hit 15 year high 2021 ,0.21833333333333332,-0.026666666666666665,0
83,2022-02-02 08:59:50,337024093,Why stand people day day sap enthusiasm vitality Heartfelt Leadership How Capture Top Spot Keep Soaring Deb Boelkes ,0.75,0.25,1
84,2022-02-02 05:00:00,22971125,Brazil environmental agency spent le half budget enforcement last year despite soaring level destruction Amazon rainforest according analysis federal spending released Tuesday via ,0.1111111111111111,-0.08888888888888889,0
85,2022-02-01 22:30:05,15110431,Brazil environmental agency spent le half budget enforcement last year despite soaring level destruction Amazon rainforest according analysis federal spending released Tuesday ,0.1111111111111111,-0.08888888888888889,0
86,2022-01-31 23:49:32,1281979789868335106,This confusing 2022 still allowing book banned like plus everyone access internet part really pointless show ,0.45,-0.275,0
87,2022-02-04 09:30:08,1327359720,One day company loses 200 billion valuation next day another company gain amount If new normal much require new volatility premium get baked even safest stock ,0.3098484848484849,0.053787878787878794,1
88,2022-02-04 09:29:01,23222305,LONDON MARKET OPEN Amazon lift sentiment oil major top FTSE 100 ,0.5,0.1875,1
89,2022-02-04 09:24:20,224377924,StockMarket First Apple Amazon pop market How long last We see topping look like ,0.26666666666666666,0.06666666666666667,1
90,2022-02-04 09:21:14,981529369205231617,The reason Amazon support GOP bill tax friendly easier navigate regulation creates fair competitive market place It also treat like alcohol So going overwhelmingly complicated Amazon sell ,0.7999999999999999,0.19166666666666665,1
91,2022-02-04 09:20:57,172290024,Global market share Playstation well 90 Xbox around 7 But much tie Amazon eats Google amp Facebook market share also face new labor law lack data center land local gov energy deal lack DCM create traffic jam ,0.1509090909090909,0.04727272727272727,1
92,2022-02-04 09:16:57,730032660,Amazon Soars Earnings And Price Prime Is Going Up com reported strong fourth quarter result ,0.36666666666666664,0.21666666666666665,1
93,2022-02-04 09:08:26,19676723,So Amazon basically selling product loss profit mark market gain Rivian stake marked loss Q2 But stop algos buying farm hour ,0.6,0.1,1
94,2022-02-04 08:59:07,746617860563271680,I think pricing higher side market even recent slash pricing recently I used get subscription 500 year Prime Video Music Amazon prime deal 2 extra cashback Amazon card ,0.275,0.0625,1
95,2022-02-04 08:56:37,3648372732,With 200 Billion Amazon May Deliver Biggest Single Day Gain In US History Read ,0.21428571428571427,-0.07142857142857142,0
96,2022-02-04 08:56:17,904277571860393987,Amazon earnings average best If AMZN shit bed market open one biggest fuck retail ever since stock market exist ,0.52,0.049999999999999975,1
97,2022-02-04 08:54:40,45552145,Europe open Shares stage small rally Amazon result boost sentiment ,0.45,-0.125,0
98,2022-02-04 08:54:01,1430065296430096388,I strong feeling decide market plushies creation Amazon ,0.7333333333333333,0.4333333333333333,1
99,2022-02-04 08:49:12,608523060,And hour price Amazon hold increase market cap 5 time GDP N Ireland In day Scale hard comprehend ,0.5416666666666666,-0.2916666666666667,0
100,2022-02-04 08:49:03,1258322123694669824,What happens Amazon Ford earnings Rivian price get crushed Shocked much profit attributed mark market accounting ,0.3666666666666667,-0.19999999999999996,0
101,2022-02-04 08:43:52,1154478416667664384,With 200 Billion Amazon May Deliver Biggest Single Day Gain In US History Amazon poised add nearly 200 billion market value stock 14 gain hour trading following company fourth quarter earnings report hold Fridays close Nifty stock ,0.17857142857142858,0.007142857142857145,1
102,2022-02-04 08:38:00,1254787933493575684,STOCK MARKET CRUSHED AMAZON TO THE RESCUE CONSUMERS ARE BEING CONSUMED via ,0.1,-0.1,0
103,2022-02-04 08:36:15,1689065924,making record profit every single year The stock market making record high every day Nominal wage time high Anything steady upward path record record high every single day Amazon make tiny profit relative turnover ,0.38107142857142856,0.06297619047619048,1
104,2022-02-04 08:36:02,1293159098138202112,control labor cost treating worst slave oh I see actual skill also Amazon pay amount tax company fair free market ,0.7,0.024999999999999994,1
105,2022-02-04 08:33:01,1158752025997393922,Good morning DAX trader After Lagarde word market reacted downside Wall Street closing powerful recovery Amazon quarterly report Today start high volume amp volatility waiting today NFP next stop 15200 ,0.535,0.29,1
106,2022-02-04 08:28:54,1285222766107439104,With 200 Billion Amazon May Deliver Biggest Single Day Gain In US History ,0.21428571428571427,-0.07142857142857142,0
107,2022-02-04 08:24:14,1039878498356264960,A tale two trade US tech giant get SMACKED day yesterday SURGE post market following earnings Smells like short covering Amazon closed 8 surged 14 hour Snap closed 24 59 extended trade Pinterest closed 10 21 ,0.2833333333333334,-0.05000000000000001,0
108,2022-02-04 09:30:50,1162775438281891840,Women Classic Vintage Quartz Watch Stainless Steel Strap Gold 10 Model LA670WGA 9 watch clock jewelry trend fashion amazon gift giftideas holiday blackfriday thanksgiving cybermonday primeday ,0.18333333333333335,0.18333333333333335,1
109,2022-02-04 08:03:22,1339872898052485122,13 Amazon share price Detailed Stats News Related Economic Times Amazon strong Q4 number spark 17 rally stock ,0.5208333333333333,0.25833333333333336,1
110,2022-02-04 06:39:47,810523394,TrendsUK Amazon stock Amazon stock After saying could operating profit fourth quarter Amazon top 14 billion net income huge chunk coming ,0.35,0.22500000000000003,1
111,2022-02-04 06:37:48,26370910,free cash flow trend looked abysmal Amazon bull always seem able write ,0.7125,0.45,1
112,2022-02-04 06:35:21,205046843,Amazon Prime subscription become 16 expensive US via r technology tech new trend ,0.5772727272727273,-0.18181818181818182,0
113,2022-02-04 06:10:05,3235197201,PDP Xbox PlayStation LVL30 gaming headset nears Amazon low 7 53 9to5Toys PS4 Xbox Streamer Follow Trends Video Game Culture Like Follow Here Read Full Story Here ,0.4166666666666667,-0.01666666666666668,0
114,2022-02-04 04:35:22,205046843,Amazon Prime Membership Price increasing 20 Per Year via r technology tech new trend ,0.45454545454545453,0.13636363636363635,1
115,2022-02-04 04:04:59,1352969589278330881,1 Amazon stock Related Searches amzn stock AMZN amazon earnings Detailed Stats News Related MarketWatch Amazon holiday earnings blow away expectation thanks Rivian ,0.43749999999999994,0.15000000000000002,1
116,2022-02-04 03:52:25,725751963049164801,Bead Bracelets pendant necklace silver jewelry handmade craft bracelet etsy bead bead gemstone talisman gemstone earring bracelet fashion style shop shopping evileye love gift gift trend trendy amulet birthday ,0.75,0.55,1
117,2022-02-04 03:30:09,851834835291197442,If looking new denim spring lot find right Amazon Take look ,0.4951298701298701,0.21103896103896103,1
118,2022-02-04 01:05:15,4861028457,That actually potential worse since rivian likely continue fall future earnings date Priced tonight Amazon least somewhat tied RIVN trade counter market trend ,0.625,-0.13999999999999999,0
119,2022-02-04 01:01:32,1374453250988990466,2 3 22 TRENDS HMBL HUMBL INC EEENF 88 ENERGY LIMITED AMZN Amazon HPIL HPIL HOLDING KAVL Kaival Brands Innovations Group F Ford Motor Company XELA Exela Technologies AABB ASIA BROADBAND INC SNAP Snap Inc FB Meta Platforms GOFF GOFF ,0.14285714285714285,-0.07142857142857142,0
120,2022-02-04 00:10:17,1084088187792904193,DMTBautySpot We Combed Amazon For Cool Cheap Valentine Day Gifts hair fresh vibe newlook via trend wow fade beauty dmtbarber nyc ny queen blackowned blackbusiness dmtbarbershop hi aw ,0.7125,0.28750000000000003,1
121,2022-02-03 23:46:04,374314174,I found trend shirt game secret bengal color perfect fan ,0.7000000000000001,0.06666666666666665,1
122,2022-02-03 23:35:48,205046843,Amazon Prime U S Price Is Increasing 139 per Year 17 via r technology tech new trend ,0.45454545454545453,0.13636363636363635,1
123,2022-02-03 23:33:33,33973024,So excited audiobook version award winning book Market Forces Strategic Trends Impacting Senior Living Providers available seniorhousing seniorliving assistedliving ccrc CRE realestate ,0.6333333333333333,0.425,1
124,2022-02-03 23:05:42,1352969589278330881,1 Amazon stock Related Searches amzn stock AMZN amazon earnings Detailed Stats News Related Barron Amazon Stock Soars Good Enough Earnings The Price Prime ,0.53,0.22000000000000003,1
125,2022-02-03 21:42:14,30893602,Thank Amazon BOOM happening Facebook surprising Facebook business model based trend social medium relies Trends Facebook join Myspace soon enough fb amzn ,0.35555555555555557,0.24444444444444444,1
126,2022-02-03 21:30:50,1162775438281891840,CA 53WF 2B Calculator Blue Digital Mens Watch Original New Classic CA 53 watch clock jewelry trend fashion amazon gift giftideas holiday blackfriday thanksgiving cybermonday primeday ,0.29424242424242425,0.1356060606060606,1
127,2022-02-03 20:34:41,2923571768,Sky Trends Sipper Water Bottle Keychain amp Rose Set For Valentine Gift Multi Color Combo Of 3 St Valensippebotlrosecom394 299 MRP 1 999 Link ,0.95,0.6,1
128,2022-02-03 19:41:42,2855542157,Take grain salt Q4 2021 look promising Amazon search Google Trends AWS beat slightly Q4 well I think Big question mark profitability outlook Q1 Consensus assumes 17 5Bn lower revenue 3 8Bn higher EBIT v Q4 ,0.31666666666666665,0.07083333333333333,1
129,2022-02-03 19:02:51,58554518,The best rom coms Amazon Prime right February 2022 Trends ,0.4178571428571428,0.6428571428571428,1
130,2022-02-03 18:59:01,1176926994740731904,Warming Trends Elon Musk Haggles Over Hunger How Warming Makes Birds Smaller Wings Longer Better Glitter From Nanoparticles ,0.5,0.25,1
131,2022-02-03 18:10:28,829430292540710913,Game Tech LoadOut free digital magazine talk year ahead look game development trend explore biggest studio using AWS We love hear like see future issue ,0.3875,0.016666666666666663,1
132,2022-02-03 18:00:26,21217761,Retail Numbers brings insight trend forecast straight inbox Decision maker leading brand like Walmart Herm Nike Coca Cola Amazon subscribe free daily newsletter Join today ,0.4000000000000001,0.20000000000000004,1
133,2022-02-03 15:14:02,758179242,Check County teamed Cal Poly Amazon make Naloxone Opioid overdose reversal medicine easily available curb overdose trend community TechforGood SLOPublicHealth ,0.4,0.4,1
134,2022-02-03 13:30:49,1162775438281891840,Eco Drive Classic Quartz Womens Watch Stainless Steel Crystal Two Tone Model FE1144 85D watch clock jewelry trend fashion amazon gift giftideas holiday blackfriday thanksgiving cybermonday primeday ,0.18333333333333335,0.18333333333333335,1
135,2022-02-03 13:22:09,1285588126434570240,Banks started declaring Future Group NPA move likely destruct shareholder wealth Current SH benefit even RIL Deal happens Clear Avoid late ,0.5016666666666667,-0.039999999999999994,0
136,2022-02-03 13:21:59,828774937640841216,3 Cloud Security Trends Watch Higher Ed 2022 technology business mobile google blockchain amazon bitcoin youtube live 100daysofcode nowplaying cdwsocial ,0.5,0.19318181818181818,1
137,2022-02-03 09:46:02,68927629,Future Group lender urged SC let Amazon Reliance bid Future Retail facilitate recovery rather taking long winding legal route resolution brings u story FutureGroup FutureRetail Amazon NPA Banks ,0.21250000000000002,0.037500000000000006,1
138,2022-02-03 08:35:23,1234878408615776256,Aloha Amazon Seller Retail trade stand still constantly evolving We put together analyzed retail trend innovation popular 2022 consideration ,0.6166666666666667,0.3,1
139,2022-02-03 08:29:33,68927629,On Feb 1 FutureGroup got reprieve legal tussle Amazon SC decided set aside three order passed Delhi HC concerning award passed arbitral tribunal SIAC rule What next find ,0.1,0.1,1
140,2022-02-03 06:21:02,28119151,Machine Learning Service MLaaS Market Future Trends Top Vendors Strategies AT amp T Amazon Web Services Sift Science Inc BigML etc Bristol City Supporters Trust machinelearning ai technology ,0.3125,0.25,1
141,2022-02-03 05:30:49,1162775438281891840,Women Crystal Watch Collection Blue Crystals Black Crystals Clear Crystals watch clock jewelry trend fashion amazon gift giftideas holiday blackfriday thanksgiving cybermonday primeday ,0.3055555555555555,-0.022222222222222213,0
142,2022-02-03 04:20:39,12095732,Amazon Fresh Whole Foods traffic trend show two pronged strategy Amazon USA refines market approach two brick mortar grocery chain ,0.45,0.25,1
143,2022-02-03 02:07:51,4833144995,Yes I talking boyfriend well I saying I hated depressing felt feel like I needed buy fast fashion cosplays amazon keep content creation trend right hollow feel ,0.5571428571428572,-0.22285714285714286,0
144,2022-02-03 01:55:12,22896082,program buzz finger amp wake amp fit bit keep track trend help put mind ease bit They kinda pricey 80 Amazon definitely help peace mind ,0.45,0.2,1
145,2022-02-03 01:30:49,1162775438281891840,Fashion Watch Wholesale Geneva Super Large Stretch Watch Clear Number Easy Read Black watch clock jewelry trend fashion amazon gift giftideas holiday blackfriday thanksgiving cybermonday primeday ,0.549047619047619,0.18285714285714286,1
146,2022-02-03 01:02:07,1484338868438515713,It interesting Amazon try connect people referencing popular tiktok trend Really show much impact tiktok marketing strategy large company hwusc 14846 ,0.4457142857142856,0.34285714285714286,1
147,2022-02-02 22:45:34,1200330399102197761,Announcing launch model copy feature Amazon Comprehend custom model Technology trend advancement digital medium past decade resulted proliferation text based data The potential b ,0.4166666666666667,-0.08333333333333333,0
148,2022-02-02 22:15:43,1241868210410065920,Is Amazon new TikTok dance trend ,0.45454545454545453,0.13636363636363635,1
149,2022-02-02 21:30:50,1162775438281891840,T2H291 Men Indiglo Easy Reader White Dial Leather Band Analog Watch watch clock jewelry trend fashion amazon gift giftideas holiday blackfriday thanksgiving cybermonday primeday ,0.4166666666666667,0.21666666666666667,1
150,2022-02-02 21:08:13,1940581,Stay ahead crowd future healthcare digital health technology The Guide Future Medicine Technology Human Touch round technology trend shape future medicine book ,0.14583333333333334,-0.03333333333333333,0
151,2022-02-02 20:30:16,383938754,Those continue successful people paid attention trend made adjustment today Don get left behind Learn future proof organization career Order futureofwork paceofchange ,0.44375,0.0875,1
152,2022-02-02 18:04:13,1336247731589885955,It 19 000 employee This number manageable may take big hit The Great Resignation tearing US In contrast company like Walmart Amazon worried labor force trend ,0.425,0.4,1
153,2022-02-02 17:57:48,58554518,Every model AirPods sale Amazon right Trends ,0.5357142857142857,0.2857142857142857,1
